"release_group","MPR_Groupings","ExpansionStatus","Raw_Recoveries","Exp_Recoveries","SampleRate_obs","Proportion_of_group_raw_recoveries"
"CHELAN FALLS HATCHERY2010CHELAN R     47.0052","Alaska Fisheries","notmissing",524,1855.17,0.282453899103586,0.177206628339533
"CHELAN FALLS HATCHERY2010CHELAN R     47.0052","California Fisheries","notmissing",2,8.08,0.247524752475248,0.000676361176868448
"CHELAN FALLS HATCHERY2010CHELAN R     47.0052","Canadian Fisheries","notmissing",244,866.06,0.28173567651202,0.0825160635779506
"CHELAN FALLS HATCHERY2010CHELAN R     47.0052","Columbia commercial/treaty","notmissing",629,3452.16,0.182204764553207,0.212715590125127
"CHELAN FALLS HATCHERY2010CHELAN R     47.0052","Columbia Estuary Sport","notmissing",1,5.86,0.170648464163823,0.000338180588434224
"CHELAN FALLS HATCHERY2010CHELAN R     47.0052","Escapement","missing",1,NA,NA,0.000338180588434224
"CHELAN FALLS HATCHERY2010CHELAN R     47.0052","Escapement","notmissing",1006,2089.07,0.481553992925082,0.340209671964829
"CHELAN FALLS HATCHERY2010CHELAN R     47.0052","Oregon Fisheries","notmissing",108,353.06,0.305897014671727,0.0365235035508962
"CHELAN FALLS HATCHERY2010CHELAN R     47.0052","Terminal Sport","missing",3,NA,NA,0.00101454176530267
"CHELAN FALLS HATCHERY2010CHELAN R     47.0052","Terminal Sport","notmissing",182,1240.22,0.146748157584945,0.0615488670950287
"CHELAN FALLS HATCHERY2010CHELAN R     47.0052","WA Coastal Commercial/Treaty","missing",1,NA,NA,0.000338180588434224
"CHELAN FALLS HATCHERY2010CHELAN R     47.0052","WA Coastal Commercial/Treaty","notmissing",208,462.13,0.450089801570987,0.0703415623943186
"CHELAN FALLS HATCHERY2010CHELAN R     47.0052","WA Coastal Sport","notmissing",46,97.93,0.469723271724701,0.0155563070679743
"CHELAN FALLS HATCHERY2010CHELAN R     47.0052",NA,"notmissing",2,10.05,0.199004975124378,0.000676361176868448
"CHELAN FALLS HATCHERY2011CHELAN R     47.0052","Alaska Fisheries","missing",1,NA,NA,0.000365497076023392
"CHELAN FALLS HATCHERY2011CHELAN R     47.0052","Alaska Fisheries","notmissing",653,1784.26,0.365978052525977,0.238669590643275
"CHELAN FALLS HATCHERY2011CHELAN R     47.0052","Boundary Waters Sport","notmissing",1,11.6,0.0862068965517241,0.000365497076023392
"CHELAN FALLS HATCHERY2011CHELAN R     47.0052","California Fisheries","notmissing",6,20.78,0.288739172281039,0.00219298245614035
"CHELAN FALLS HATCHERY2011CHELAN R     47.0052","Canadian Fisheries","notmissing",239,806.18,0.296459847676697,0.0873538011695906
"CHELAN FALLS HATCHERY2011CHELAN R     47.0052","Columbia commercial/treaty","notmissing",392,2665.64,0.147056616797467,0.14327485380117
"CHELAN FALLS HATCHERY2011CHELAN R     47.0052","Columbia Estuary Sport","notmissing",2,5.15,0.388349514563107,0.000730994152046784
"CHELAN FALLS HATCHERY2011CHELAN R     47.0052","Escapement","notmissing",983,2839.98,0.346129198092944,0.359283625730994
"CHELAN FALLS HATCHERY2011CHELAN R     47.0052","Oregon Fisheries","notmissing",92,253.51,0.362904816378052,0.033625730994152
"CHELAN FALLS HATCHERY2011CHELAN R     47.0052","Terminal Sport","missing",1,NA,NA,0.000365497076023392
"CHELAN FALLS HATCHERY2011CHELAN R     47.0052","Terminal Sport","notmissing",190,1333.35,0.142498218772265,0.0694444444444444
"CHELAN FALLS HATCHERY2011CHELAN R     47.0052","WA Coastal Commercial/Treaty","notmissing",152,297.89,0.510255463426097,0.0555555555555556
"CHELAN FALLS HATCHERY2011CHELAN R     47.0052","WA Coastal Sport","notmissing",24,71.3,0.336605890603086,0.0087719298245614
"CHELAN FALLS HATCHERY2012CHELAN R     47.0052","Alaska Fisheries","missing",5,NA,NA,0.0029585798816568
"CHELAN FALLS HATCHERY2012CHELAN R     47.0052","Alaska Fisheries","notmissing",344,850.66,0.404391883948934,0.203550295857988
"CHELAN FALLS HATCHERY2012CHELAN R     47.0052","Boundary Waters Sport","notmissing",1,18.24,0.0548245614035088,0.000591715976331361
"CHELAN FALLS HATCHERY2012CHELAN R     47.0052","California Fisheries","notmissing",1,2.73,0.366300366300366,0.000591715976331361
"CHELAN FALLS HATCHERY2012CHELAN R     47.0052","Canadian Fisheries","notmissing",195,782.48,0.249207647479808,0.115384615384615
"CHELAN FALLS HATCHERY2012CHELAN R     47.0052","Columbia commercial/treaty","notmissing",240,1816.41,0.132128759476109,0.142011834319527
"CHELAN FALLS HATCHERY2012CHELAN R     47.0052","Columbia Estuary Sport","notmissing",1,2.27,0.440528634361233,0.000591715976331361
"CHELAN FALLS HATCHERY2012CHELAN R     47.0052","Escapement","notmissing",654,1900.59,0.344103673069941,0.38698224852071
"CHELAN FALLS HATCHERY2012CHELAN R     47.0052","Oregon Fisheries","notmissing",15,35.61,0.4212299915754,0.00887573964497041
"CHELAN FALLS HATCHERY2012CHELAN R     47.0052","Terminal Sport","notmissing",148,921.91,0.160536277944702,0.0875739644970414
"CHELAN FALLS HATCHERY2012CHELAN R     47.0052","WA Coastal Commercial/Treaty","notmissing",72,132.59,0.543027377630289,0.042603550295858
"CHELAN FALLS HATCHERY2012CHELAN R     47.0052","WA Coastal Sport","notmissing",14,29.4,0.476190476190476,0.00828402366863905
"CHELAN FALLS HATCHERY2013CHELAN R     47.0052","Alaska Fisheries","missing",1,NA,NA,0.000778816199376947
"CHELAN FALLS HATCHERY2013CHELAN R     47.0052","Alaska Fisheries","notmissing",138,311.14,0.443530243620235,0.107476635514019
"CHELAN FALLS HATCHERY2013CHELAN R     47.0052","Canadian Fisheries","notmissing",119,421.29,0.282465759927841,0.0926791277258567
"CHELAN FALLS HATCHERY2013CHELAN R     47.0052","Columbia commercial/treaty","notmissing",161,1294.55,0.124367540844309,0.125389408099688
"CHELAN FALLS HATCHERY2013CHELAN R     47.0052","Columbia Estuary Sport","notmissing",1,2.89,0.346020761245675,0.000778816199376947
"CHELAN FALLS HATCHERY2013CHELAN R     47.0052","Escapement","notmissing",585,1416.54,0.412978101571435,0.455607476635514
"CHELAN FALLS HATCHERY2013CHELAN R     47.0052","Oregon Fisheries","notmissing",9,31.95,0.28169014084507,0.00700934579439252
"CHELAN FALLS HATCHERY2013CHELAN R     47.0052","Terminal Sport","notmissing",154,885.28,0.173956262425447,0.11993769470405
"CHELAN FALLS HATCHERY2013CHELAN R     47.0052","WA Coastal Commercial/Treaty","notmissing",101,174.23,0.579693508580612,0.0786604361370716
"CHELAN FALLS HATCHERY2013CHELAN R     47.0052","WA Coastal Sport","notmissing",15,28.87,0.519570488396259,0.0116822429906542
"CHELAN FALLS HATCHERY2014CHELAN R     47.0052","Alaska Fisheries","missing",1,NA,NA,0.00101010101010101
"CHELAN FALLS HATCHERY2014CHELAN R     47.0052","Alaska Fisheries","notmissing",112,305.4,0.366732154551408,0.113131313131313
"CHELAN FALLS HATCHERY2014CHELAN R     47.0052","Canadian Fisheries","notmissing",88,272.23,0.323256070234728,0.0888888888888889
"CHELAN FALLS HATCHERY2014CHELAN R     47.0052","Columbia commercial/treaty","notmissing",92,840.93,0.109402685122424,0.0929292929292929
"CHELAN FALLS HATCHERY2014CHELAN R     47.0052","Escapement","notmissing",491,1097.83,0.447245930608564,0.495959595959596
"CHELAN FALLS HATCHERY2014CHELAN R     47.0052","Oregon Fisheries","notmissing",4,9.26,0.431965442764579,0.00404040404040404
"CHELAN FALLS HATCHERY2014CHELAN R     47.0052","Terminal Sport","notmissing",103,734.14,0.140300215217806,0.104040404040404
"CHELAN FALLS HATCHERY2014CHELAN R     47.0052","WA Coastal Commercial/Treaty","notmissing",96,146.57,0.654977144026745,0.096969696969697
"CHELAN FALLS HATCHERY2014CHELAN R     47.0052","WA Coastal Sport","notmissing",3,5.72,0.524475524475524,0.00303030303030303
"CHELAN PUD HATCHERY2007CHELAN R     47.0052","Alaska Fisheries","notmissing",54,146.13,0.369533976596181,0.145945945945946
"CHELAN PUD HATCHERY2007CHELAN R     47.0052","California Fisheries","notmissing",1,1.8,0.555555555555556,0.0027027027027027
"CHELAN PUD HATCHERY2007CHELAN R     47.0052","Canadian Fisheries","notmissing",35,118.58,0.295159386068477,0.0945945945945946
"CHELAN PUD HATCHERY2007CHELAN R     47.0052","Columbia commercial/treaty","notmissing",54,268.21,0.201334774989747,0.145945945945946
"CHELAN PUD HATCHERY2007CHELAN R     47.0052","Escapement","notmissing",171,371.63,0.46013508059091,0.462162162162162
"CHELAN PUD HATCHERY2007CHELAN R     47.0052","Oregon Fisheries","notmissing",12,31.78,0.377595972309629,0.0324324324324324
"CHELAN PUD HATCHERY2007CHELAN R     47.0052","Terminal Sport","notmissing",26,188.88,0.137653536637018,0.0702702702702703
"CHELAN PUD HATCHERY2007CHELAN R     47.0052","WA Coastal Commercial/Treaty","notmissing",15,39.86,0.376317109884596,0.0405405405405405
"CHELAN PUD HATCHERY2007CHELAN R     47.0052","WA Coastal Sport","notmissing",2,5.73,0.349040139616056,0.00540540540540541
"CHELAN RIVER NP2008CHELAN R     47.0052","Alaska Fisheries","notmissing",122,373.08,0.327007612308352,0.127615062761506
"CHELAN RIVER NP2008CHELAN R     47.0052","California Fisheries","notmissing",6,16.55,0.362537764350453,0.00627615062761506
"CHELAN RIVER NP2008CHELAN R     47.0052","Canadian Fisheries","notmissing",131,365.92,0.358001749016178,0.137029288702929
"CHELAN RIVER NP2008CHELAN R     47.0052","Columbia commercial/treaty","notmissing",133,500.78,0.265585686329326,0.139121338912134
"CHELAN RIVER NP2008CHELAN R     47.0052","Columbia Estuary Sport","notmissing",1,3.41,0.293255131964809,0.00104602510460251
"CHELAN RIVER NP2008CHELAN R     47.0052","Escapement","notmissing",347,1288.87,0.269228083515017,0.362970711297071
"CHELAN RIVER NP2008CHELAN R     47.0052","Oregon Fisheries","notmissing",54,144.6,0.37344398340249,0.0564853556485356
"CHELAN RIVER NP2008CHELAN R     47.0052","Terminal Sport","notmissing",66,406.27,0.162453540748763,0.0690376569037657
"CHELAN RIVER NP2008CHELAN R     47.0052","WA Coastal Commercial/Treaty","notmissing",65,161.53,0.402402030582554,0.0679916317991632
"CHELAN RIVER NP2008CHELAN R     47.0052","WA Coastal Sport","notmissing",31,72.18,0.429481850928235,0.0324267782426778
"CHELAN RIVER NP2009CHELAN R     47.0052","Alaska Fisheries","notmissing",36,120.4,0.299003322259136,0.0777537796976242
"CHELAN RIVER NP2009CHELAN R     47.0052","California Fisheries","notmissing",1,2.12,0.471698113207547,0.00215982721382289
"CHELAN RIVER NP2009CHELAN R     47.0052","Canadian Fisheries","notmissing",52,171.16,0.303809301238607,0.11231101511879
"CHELAN RIVER NP2009CHELAN R     47.0052","Columbia commercial/treaty","missing",1,NA,NA,0.00215982721382289
"CHELAN RIVER NP2009CHELAN R     47.0052","Columbia commercial/treaty","notmissing",109,645.72,0.168803815895435,0.235421166306695
"CHELAN RIVER NP2009CHELAN R     47.0052","Escapement","notmissing",155,346.06,0.447899208229787,0.334773218142549
"CHELAN RIVER NP2009CHELAN R     47.0052","Oregon Fisheries","notmissing",29,63.42,0.457269000315358,0.0626349892008639
"CHELAN RIVER NP2009CHELAN R     47.0052","Terminal Sport","notmissing",29,202.58,0.143153322144338,0.0626349892008639
"CHELAN RIVER NP2009CHELAN R     47.0052","WA Coastal Commercial/Treaty","notmissing",43,100.23,0.429013269480196,0.0928725701943845
"CHELAN RIVER NP2009CHELAN R     47.0052","WA Coastal Sport","notmissing",8,16.57,0.482800241400121,0.0172786177105832
"TURTLE ROCK HATCHERY1995COL R @ TURTLE ROCK","Alaska Fisheries","missing",1,NA,NA,0.00199203187250996
"TURTLE ROCK HATCHERY1995COL R @ TURTLE ROCK","Alaska Fisheries","notmissing",152,413.24,0.367824992740296,0.302788844621514
"TURTLE ROCK HATCHERY1995COL R @ TURTLE ROCK","Canadian Fisheries","notmissing",13,78.56,0.165478615071283,0.0258964143426295
"TURTLE ROCK HATCHERY1995COL R @ TURTLE ROCK","Columbia commercial/treaty","notmissing",34,89.69,0.379083509867321,0.0677290836653386
"TURTLE ROCK HATCHERY1995COL R @ TURTLE ROCK","Columbia Estuary Sport","notmissing",6,18.99,0.315955766192733,0.0119521912350598
"TURTLE ROCK HATCHERY1995COL R @ TURTLE ROCK","Escapement","notmissing",263,488.97,0.537865308710146,0.52390438247012
"TURTLE ROCK HATCHERY1995COL R @ TURTLE ROCK","Oregon Fisheries","notmissing",4,11.69,0.342172797262618,0.00796812749003984
"TURTLE ROCK HATCHERY1995COL R @ TURTLE ROCK","Terminal Sport","notmissing",12,41.06,0.292255236239649,0.0239043824701195
"TURTLE ROCK HATCHERY1995COL R @ TURTLE ROCK","WA Coastal Commercial/Treaty","notmissing",11,24.23,0.453982666116385,0.0219123505976096
"TURTLE ROCK HATCHERY1995COL R @ TURTLE ROCK","WA Coastal Sport","notmissing",6,16.53,0.362976406533575,0.0119521912350598
"TURTLE ROCK HATCHERY1996COL R @ TURTLE ROCK","Alaska Fisheries","notmissing",24,64.69,0.371000154583398,0.195121951219512
"TURTLE ROCK HATCHERY1996COL R @ TURTLE ROCK","Canadian Fisheries","notmissing",11,27.73,0.396682293544897,0.0894308943089431
"TURTLE ROCK HATCHERY1996COL R @ TURTLE ROCK","Columbia commercial/treaty","notmissing",4,9.25,0.432432432432432,0.032520325203252
"TURTLE ROCK HATCHERY1996COL R @ TURTLE ROCK","Columbia Estuary Sport","notmissing",2,4.88,0.409836065573771,0.016260162601626
"TURTLE ROCK HATCHERY1996COL R @ TURTLE ROCK","Escapement","notmissing",77,139.23,0.553041729512318,0.626016260162602
"TURTLE ROCK HATCHERY1996COL R @ TURTLE ROCK","Oregon Fisheries","notmissing",1,3.29,0.303951367781155,0.00813008130081301
"TURTLE ROCK HATCHERY1996COL R @ TURTLE ROCK","Terminal Sport","notmissing",2,6.38,0.313479623824451,0.016260162601626
"TURTLE ROCK HATCHERY1996COL R @ TURTLE ROCK","WA Coastal Commercial/Treaty","notmissing",1,1.37,0.72992700729927,0.00813008130081301
"TURTLE ROCK HATCHERY1996COL R @ TURTLE ROCK","WA Coastal Sport","notmissing",1,2.92,0.342465753424658,0.00813008130081301
"TURTLE ROCK HATCHERY1996COLUMBIA NEAR WELLS","Alaska Fisheries","notmissing",167,457.52,0.365011365623361,0.308687615526802
"TURTLE ROCK HATCHERY1996COLUMBIA NEAR WELLS","Canadian Fisheries","notmissing",42,140.62,0.298677286303513,0.077634011090573
"TURTLE ROCK HATCHERY1996COLUMBIA NEAR WELLS","Columbia commercial/treaty","notmissing",5,15.92,0.314070351758794,0.00924214417744917
"TURTLE ROCK HATCHERY1996COLUMBIA NEAR WELLS","Columbia Estuary Sport","notmissing",1,2.38,0.420168067226891,0.00184842883548983
"TURTLE ROCK HATCHERY1996COLUMBIA NEAR WELLS","Escapement","notmissing",308,762.64,0.403860274834784,0.569316081330869
"TURTLE ROCK HATCHERY1996COLUMBIA NEAR WELLS","Oregon Fisheries","notmissing",9,30.41,0.295955277869122,0.0166358595194085
"TURTLE ROCK HATCHERY1996COLUMBIA NEAR WELLS","Terminal Sport","notmissing",1,4.48,0.223214285714286,0.00184842883548983
"TURTLE ROCK HATCHERY1996COLUMBIA NEAR WELLS","WA Coastal Commercial/Treaty","notmissing",6,11.62,0.516351118760757,0.011090573012939
"TURTLE ROCK HATCHERY1996COLUMBIA NEAR WELLS","WA Coastal Sport","notmissing",1,4.66,0.214592274678112,0.00184842883548983
"TURTLE ROCK HATCHERY1996COLUMBIA NEAR WELLS",NA,"notmissing",1,1,1,0.00184842883548983
"TURTLE ROCK HATCHERY1997COL R @ TURTLE ROCK","Alaska Fisheries","notmissing",339,947.2,0.357896959459459,0.244236311239193
"TURTLE ROCK HATCHERY1997COL R @ TURTLE ROCK","Boundary Waters Sport","notmissing",2,5.71,0.350262697022767,0.00144092219020173
"TURTLE ROCK HATCHERY1997COL R @ TURTLE ROCK","California Fisheries","notmissing",5,21.06,0.237416904083571,0.00360230547550432
"TURTLE ROCK HATCHERY1997COL R @ TURTLE ROCK","Canadian Fisheries","notmissing",255,1202.79,0.212007083530791,0.18371757925072
"TURTLE ROCK HATCHERY1997COL R @ TURTLE ROCK","Columbia commercial/treaty","notmissing",28,56.97,0.491486747410918,0.0201729106628242
"TURTLE ROCK HATCHERY1997COL R @ TURTLE ROCK","Columbia Estuary Sport","notmissing",4,11.32,0.353356890459364,0.00288184438040346
"TURTLE ROCK HATCHERY1997COL R @ TURTLE ROCK","Escapement","notmissing",583,1711.96,0.340545339844389,0.420028818443804
"TURTLE ROCK HATCHERY1997COL R @ TURTLE ROCK","Oregon Fisheries","notmissing",66,206.81,0.319133504182583,0.0475504322766571
"TURTLE ROCK HATCHERY1997COL R @ TURTLE ROCK","Terminal Sport","notmissing",22,133.9,0.164301717699776,0.015850144092219
"TURTLE ROCK HATCHERY1997COL R @ TURTLE ROCK","WA Coastal Commercial/Treaty","notmissing",59,106.44,0.554302893649004,0.042507204610951
"TURTLE ROCK HATCHERY1997COL R @ TURTLE ROCK","WA Coastal Sport","notmissing",25,72.79,0.343453771122407,0.0180115273775216
"TURTLE ROCK HATCHERY1998COL R @ TURTLE ROCK","Alaska Fisheries","notmissing",5,14.84,0.336927223719677,0.208333333333333
"TURTLE ROCK HATCHERY1998COL R @ TURTLE ROCK","Canadian Fisheries","notmissing",7,31.52,0.222081218274112,0.291666666666667
"TURTLE ROCK HATCHERY1998COL R @ TURTLE ROCK","Columbia commercial/treaty","notmissing",1,2.36,0.423728813559322,0.0416666666666667
"TURTLE ROCK HATCHERY1998COL R @ TURTLE ROCK","Escapement","notmissing",6,23.25,0.258064516129032,0.25
"TURTLE ROCK HATCHERY1998COL R @ TURTLE ROCK","Oregon Fisheries","notmissing",4,12.92,0.309597523219814,0.166666666666667
"TURTLE ROCK HATCHERY1998COL R @ TURTLE ROCK","WA Coastal Commercial/Treaty","notmissing",1,12.11,0.0825763831544178,0.0416666666666667
"TURTLE ROCK HATCHERY1998COLUMBIA R-1","Alaska Fisheries","missing",4,NA,NA,0.00264900662251656
"TURTLE ROCK HATCHERY1998COLUMBIA R-1","Alaska Fisheries","notmissing",535,1761.93,0.303644299149228,0.354304635761589
"TURTLE ROCK HATCHERY1998COLUMBIA R-1","Boundary Waters Sport","missing",1,NA,NA,0.000662251655629139
"TURTLE ROCK HATCHERY1998COLUMBIA R-1","California Fisheries","notmissing",2,7.72,0.259067357512953,0.00132450331125828
"TURTLE ROCK HATCHERY1998COLUMBIA R-1","Canadian Fisheries","notmissing",313,1714.15,0.182597788991628,0.207284768211921
"TURTLE ROCK HATCHERY1998COLUMBIA R-1","Columbia commercial/treaty","notmissing",58,192.55,0.301220462217606,0.0384105960264901
"TURTLE ROCK HATCHERY1998COLUMBIA R-1","Escapement","notmissing",379,984.7,0.384888798618869,0.250993377483444
"TURTLE ROCK HATCHERY1998COLUMBIA R-1","Oregon Fisheries","notmissing",76,240.99,0.315365782812565,0.0503311258278146
"TURTLE ROCK HATCHERY1998COLUMBIA R-1","Terminal Sport","notmissing",22,207.58,0.105983235379131,0.0145695364238411
"TURTLE ROCK HATCHERY1998COLUMBIA R-1","WA Coastal Commercial/Treaty","notmissing",72,201.36,0.357568533969011,0.047682119205298
"TURTLE ROCK HATCHERY1998COLUMBIA R-1","WA Coastal Sport","notmissing",48,111.11,0.4320043200432,0.0317880794701987
"TURTLE ROCK HATCHERY1999COL R @ TURTLE ROCK","Alaska Fisheries","missing",1,NA,NA,0.00285714285714286
"TURTLE ROCK HATCHERY1999COL R @ TURTLE ROCK","Alaska Fisheries","notmissing",96,314,0.305732484076433,0.274285714285714
"TURTLE ROCK HATCHERY1999COL R @ TURTLE ROCK","California Fisheries","notmissing",1,1.37,0.72992700729927,0.00285714285714286
"TURTLE ROCK HATCHERY1999COL R @ TURTLE ROCK","Canadian Fisheries","notmissing",48,208.56,0.230149597238205,0.137142857142857
"TURTLE ROCK HATCHERY1999COL R @ TURTLE ROCK","Columbia commercial/treaty","notmissing",31,93.9,0.33013844515442,0.0885714285714286
"TURTLE ROCK HATCHERY1999COL R @ TURTLE ROCK","Escapement","notmissing",120,191.95,0.625162802813233,0.342857142857143
"TURTLE ROCK HATCHERY1999COL R @ TURTLE ROCK","Oregon Fisheries","notmissing",21,71.12,0.295275590551181,0.06
"TURTLE ROCK HATCHERY1999COL R @ TURTLE ROCK","Terminal Sport","notmissing",12,136.73,0.0877642068309808,0.0342857142857143
"TURTLE ROCK HATCHERY1999COL R @ TURTLE ROCK","WA Coastal Commercial/Treaty","notmissing",12,26.38,0.45489006823351,0.0342857142857143
"TURTLE ROCK HATCHERY1999COL R @ TURTLE ROCK","WA Coastal Sport","notmissing",8,16.16,0.495049504950495,0.0228571428571429
"TURTLE ROCK HATCHERY1999COLUMBIA R - GENERAL","Alaska Fisheries","notmissing",140,503.98,0.277788801142902,0.179717586649551
"TURTLE ROCK HATCHERY1999COLUMBIA R - GENERAL","Boundary Waters Sport","notmissing",3,10.39,0.288739172281039,0.00385109114249037
"TURTLE ROCK HATCHERY1999COLUMBIA R - GENERAL","California Fisheries","notmissing",2,6.59,0.303490136570561,0.00256739409499358
"TURTLE ROCK HATCHERY1999COLUMBIA R - GENERAL","Canadian Fisheries","notmissing",169,648.22,0.260713955138687,0.216944801026958
"TURTLE ROCK HATCHERY1999COLUMBIA R - GENERAL","Columbia commercial/treaty","notmissing",72,232.43,0.309770683646689,0.0924261874197689
"TURTLE ROCK HATCHERY1999COLUMBIA R - GENERAL","Escapement","notmissing",232,413.1,0.56160735899298,0.297817715019255
"TURTLE ROCK HATCHERY1999COLUMBIA R - GENERAL","Oregon Fisheries","notmissing",72,222.05,0.324251294753434,0.0924261874197689
"TURTLE ROCK HATCHERY1999COLUMBIA R - GENERAL","Terminal Sport","missing",1,NA,NA,0.00128369704749679
"TURTLE ROCK HATCHERY1999COLUMBIA R - GENERAL","Terminal Sport","notmissing",32,367.18,0.0871507162699493,0.0410783055198973
"TURTLE ROCK HATCHERY1999COLUMBIA R - GENERAL","WA Coastal Commercial/Treaty","notmissing",45,122.31,0.367917586460633,0.0577663671373556
"TURTLE ROCK HATCHERY1999COLUMBIA R - GENERAL","WA Coastal Sport","notmissing",11,28.05,0.392156862745098,0.0141206675224647
"TURTLE ROCK HATCHERY2000COL R @ TURTLE ROCK","Alaska Fisheries","missing",3,NA,NA,0.00519930675909879
"TURTLE ROCK HATCHERY2000COL R @ TURTLE ROCK","Alaska Fisheries","notmissing",99,359.3,0.275535763985527,0.17157712305026
"TURTLE ROCK HATCHERY2000COL R @ TURTLE ROCK","California Fisheries","notmissing",3,10.98,0.273224043715847,0.00519930675909879
"TURTLE ROCK HATCHERY2000COL R @ TURTLE ROCK","Canadian Fisheries","notmissing",180,634.53,0.283674530755047,0.311958405545927
"TURTLE ROCK HATCHERY2000COL R @ TURTLE ROCK","Columbia commercial/treaty","notmissing",82,195.51,0.419415886655414,0.1421143847487
"TURTLE ROCK HATCHERY2000COL R @ TURTLE ROCK","Escapement","notmissing",120,345.64,0.347182039115843,0.207972270363951
"TURTLE ROCK HATCHERY2000COL R @ TURTLE ROCK","Oregon Fisheries","notmissing",36,90.26,0.398847773099934,0.0623916811091854
"TURTLE ROCK HATCHERY2000COL R @ TURTLE ROCK","Terminal Sport","notmissing",31,253.28,0.122394188250158,0.0537261698440208
"TURTLE ROCK HATCHERY2000COL R @ TURTLE ROCK","WA Coastal Commercial/Treaty","notmissing",19,43.05,0.441347270615563,0.0329289428076256
"TURTLE ROCK HATCHERY2000COL R @ TURTLE ROCK","WA Coastal Sport","notmissing",4,7.77,0.514800514800515,0.00693240901213172
"TURTLE ROCK HATCHERY2000COLUMBIA R - GENERAL","Alaska Fisheries","notmissing",8,30.62,0.261267145656434,0.258064516129032
"TURTLE ROCK HATCHERY2000COLUMBIA R - GENERAL","California Fisheries","notmissing",1,4.21,0.237529691211401,0.032258064516129
"TURTLE ROCK HATCHERY2000COLUMBIA R - GENERAL","Canadian Fisheries","notmissing",7,24.44,0.286415711947627,0.225806451612903
"TURTLE ROCK HATCHERY2000COLUMBIA R - GENERAL","Columbia commercial/treaty","notmissing",3,6.09,0.492610837438424,0.0967741935483871
"TURTLE ROCK HATCHERY2000COLUMBIA R - GENERAL","Escapement","notmissing",8,17.53,0.456360524814603,0.258064516129032
"TURTLE ROCK HATCHERY2000COLUMBIA R - GENERAL","Oregon Fisheries","notmissing",1,2.49,0.401606425702811,0.032258064516129
"TURTLE ROCK HATCHERY2000COLUMBIA R - GENERAL","Terminal Sport","notmissing",1,5.35,0.186915887850467,0.032258064516129
"TURTLE ROCK HATCHERY2000COLUMBIA R - GENERAL","WA Coastal Commercial/Treaty","notmissing",2,2.38,0.840336134453782,0.0645161290322581
"TURTLE ROCK HATCHERY2001COL R @ TURTLE ROCK","Alaska Fisheries","missing",5,NA,NA,0.00317863954227591
"TURTLE ROCK HATCHERY2001COL R @ TURTLE ROCK","Alaska Fisheries","notmissing",217,749.38,0.289572713443113,0.137952956134774
"TURTLE ROCK HATCHERY2001COL R @ TURTLE ROCK","Boundary Waters Sport","notmissing",1,11.12,0.0899280575539568,0.000635727908455181
"TURTLE ROCK HATCHERY2001COL R @ TURTLE ROCK","California Fisheries","notmissing",4,13.66,0.292825768667643,0.00254291163382072
"TURTLE ROCK HATCHERY2001COL R @ TURTLE ROCK","Canadian Fisheries","notmissing",325,1268.84,0.256139465968916,0.206611570247934
"TURTLE ROCK HATCHERY2001COL R @ TURTLE ROCK","Columbia commercial/treaty","notmissing",299,858.98,0.34808726629258,0.190082644628099
"TURTLE ROCK HATCHERY2001COL R @ TURTLE ROCK","Escapement","notmissing",379,956.43,0.396265278169861,0.240940877304514
"TURTLE ROCK HATCHERY2001COL R @ TURTLE ROCK","Oregon Fisheries","notmissing",63,145.81,0.43206913106097,0.0400508582326764
"TURTLE ROCK HATCHERY2001COL R @ TURTLE ROCK","Terminal Sport","notmissing",156,873.37,0.178618454950365,0.0991735537190083
"TURTLE ROCK HATCHERY2001COL R @ TURTLE ROCK","WA Coastal Commercial/Treaty","notmissing",108,214.24,0.504107542942494,0.0686586141131596
"TURTLE ROCK HATCHERY2001COL R @ TURTLE ROCK","WA Coastal Sport","notmissing",16,36.83,0.434428455063807,0.0101716465352829
"TURTLE ROCK HATCHERY2002COL R @ TURTLE ROCK","Alaska Fisheries","notmissing",1,3.39,0.294985250737463,0.0833333333333333
"TURTLE ROCK HATCHERY2002COL R @ TURTLE ROCK","Canadian Fisheries","notmissing",2,9.3,0.21505376344086,0.166666666666667
"TURTLE ROCK HATCHERY2002COL R @ TURTLE ROCK","Columbia commercial/treaty","notmissing",3,11.11,0.27002700270027,0.25
"TURTLE ROCK HATCHERY2002COL R @ TURTLE ROCK","Escapement","notmissing",2,3.33,0.600600600600601,0.166666666666667
"TURTLE ROCK HATCHERY2002COL R @ TURTLE ROCK","Terminal Sport","notmissing",4,16.92,0.236406619385343,0.333333333333333
"TURTLE ROCK HATCHERY2002COLUMBIA R - GENERAL","Alaska Fisheries","missing",1,NA,NA,0.00106951871657754
"TURTLE ROCK HATCHERY2002COLUMBIA R - GENERAL","Alaska Fisheries","notmissing",121,389.91,0.310328024415891,0.129411764705882
"TURTLE ROCK HATCHERY2002COLUMBIA R - GENERAL","California Fisheries","notmissing",4,10.38,0.385356454720617,0.00427807486631016
"TURTLE ROCK HATCHERY2002COLUMBIA R - GENERAL","Canadian Fisheries","notmissing",161,542.06,0.297015090580379,0.172192513368984
"TURTLE ROCK HATCHERY2002COLUMBIA R - GENERAL","Columbia commercial/treaty","notmissing",169,602.3,0.280591067574299,0.180748663101604
"TURTLE ROCK HATCHERY2002COLUMBIA R - GENERAL","Escapement","notmissing",295,621.04,0.475009661213448,0.315508021390374
"TURTLE ROCK HATCHERY2002COLUMBIA R - GENERAL","Oregon Fisheries","notmissing",24,52.79,0.454631559007388,0.025668449197861
"TURTLE ROCK HATCHERY2002COLUMBIA R - GENERAL","Terminal Sport","notmissing",113,589.61,0.191652109021217,0.120855614973262
"TURTLE ROCK HATCHERY2002COLUMBIA R - GENERAL","WA Coastal Commercial/Treaty","notmissing",41,79.32,0.516893595562279,0.0438502673796791
"TURTLE ROCK HATCHERY2002COLUMBIA R - GENERAL","WA Coastal Sport","notmissing",5,9.31,0.537056928034372,0.0053475935828877
"TURTLE ROCK HATCHERY2002COLUMBIA R - GENERAL",NA,"notmissing",1,5.33,0.187617260787992,0.00106951871657754
"TURTLE ROCK HATCHERY2003COLUMBIA R - GENERAL","Alaska Fisheries","missing",2,NA,NA,0.00309119010819165
"TURTLE ROCK HATCHERY2003COLUMBIA R - GENERAL","Alaska Fisheries","notmissing",110,343.23,0.320484806106692,0.170015455950541
"TURTLE ROCK HATCHERY2003COLUMBIA R - GENERAL","Boundary Waters Sport","notmissing",1,4.4,0.227272727272727,0.00154559505409583
"TURTLE ROCK HATCHERY2003COLUMBIA R - GENERAL","Canadian Fisheries","notmissing",59,207.14,0.284831514917447,0.0911901081916538
"TURTLE ROCK HATCHERY2003COLUMBIA R - GENERAL","Columbia commercial/treaty","notmissing",130,472.37,0.275207993733726,0.200927357032458
"TURTLE ROCK HATCHERY2003COLUMBIA R - GENERAL","Columbia Estuary Sport","notmissing",1,1.9,0.526315789473684,0.00154559505409583
"TURTLE ROCK HATCHERY2003COLUMBIA R - GENERAL","Escapement","missing",1,NA,NA,0.00154559505409583
"TURTLE ROCK HATCHERY2003COLUMBIA R - GENERAL","Escapement","notmissing",254,568.65,0.446671942319529,0.39258114374034
"TURTLE ROCK HATCHERY2003COLUMBIA R - GENERAL","Oregon Fisheries","notmissing",5,18.14,0.275633958103638,0.00772797527047913
"TURTLE ROCK HATCHERY2003COLUMBIA R - GENERAL","Terminal Sport","notmissing",56,349.31,0.160316051644671,0.0865533230293663
"TURTLE ROCK HATCHERY2003COLUMBIA R - GENERAL","WA Coastal Commercial/Treaty","notmissing",23,39.53,0.5818365798128,0.035548686244204
"TURTLE ROCK HATCHERY2003COLUMBIA R - GENERAL","WA Coastal Sport","notmissing",5,10.7,0.467289719626168,0.00772797527047913
"TURTLE ROCK HATCHERY2004COLUMBIA R - GENERAL","Alaska Fisheries","notmissing",158,437.13,0.361448539336124,0.19059107358263
"TURTLE ROCK HATCHERY2004COLUMBIA R - GENERAL","Canadian Fisheries","notmissing",68,238.1,0.285594288114238,0.0820265379975875
"TURTLE ROCK HATCHERY2004COLUMBIA R - GENERAL","Columbia commercial/treaty","notmissing",164,722.06,0.227127939506412,0.197828709288299
"TURTLE ROCK HATCHERY2004COLUMBIA R - GENERAL","Escapement","missing",6,NA,NA,0.00723763570566948
"TURTLE ROCK HATCHERY2004COLUMBIA R - GENERAL","Escapement","notmissing",283,592.89,0.477322943547707,0.341375150784077
"TURTLE ROCK HATCHERY2004COLUMBIA R - GENERAL","Terminal Sport","notmissing",104,535.2,0.194319880418535,0.125452352231604
"TURTLE ROCK HATCHERY2004COLUMBIA R - GENERAL","WA Coastal Commercial/Treaty","notmissing",37,58.81,0.629144703281755,0.0446320868516285
"TURTLE ROCK HATCHERY2004COLUMBIA R - GENERAL","WA Coastal Sport","notmissing",9,19.16,0.46972860125261,0.0108564535585042
"TURTLE ROCK HATCHERY2005CHELAN R + COLUMBIA R","Alaska Fisheries","notmissing",65,174.64,0.372194228126432,0.138297872340426
"TURTLE ROCK HATCHERY2005CHELAN R + COLUMBIA R","Boundary Waters Sport","notmissing",1,3.52,0.284090909090909,0.00212765957446809
"TURTLE ROCK HATCHERY2005CHELAN R + COLUMBIA R","Canadian Fisheries","notmissing",48,184.83,0.259698100957637,0.102127659574468
"TURTLE ROCK HATCHERY2005CHELAN R + COLUMBIA R","Columbia commercial/treaty","notmissing",114,407.74,0.279589934762349,0.242553191489362
"TURTLE ROCK HATCHERY2005CHELAN R + COLUMBIA R","Escapement","missing",2,NA,NA,0.00425531914893617
"TURTLE ROCK HATCHERY2005CHELAN R + COLUMBIA R","Escapement","notmissing",169,484.45,0.348849210444834,0.359574468085106
"TURTLE ROCK HATCHERY2005CHELAN R + COLUMBIA R","Oregon Fisheries","notmissing",6,13.25,0.452830188679245,0.0127659574468085
"TURTLE ROCK HATCHERY2005CHELAN R + COLUMBIA R","Terminal Sport","notmissing",40,171.93,0.232652823823649,0.0851063829787234
"TURTLE ROCK HATCHERY2005CHELAN R + COLUMBIA R","WA Coastal Commercial/Treaty","notmissing",24,41.73,0.575125808770669,0.051063829787234
"TURTLE ROCK HATCHERY2005CHELAN R + COLUMBIA R","WA Coastal Sport","notmissing",1,2.1,0.476190476190476,0.00212765957446809
"TURTLE ROCK HATCHERY2005COLUMBIA R - GENERAL","Alaska Fisheries","notmissing",9,23.35,0.385438972162741,0.105882352941176
"TURTLE ROCK HATCHERY2005COLUMBIA R - GENERAL","Canadian Fisheries","notmissing",12,35.51,0.337932976626302,0.141176470588235
"TURTLE ROCK HATCHERY2005COLUMBIA R - GENERAL","Columbia commercial/treaty","notmissing",19,66.37,0.28627391893928,0.223529411764706
"TURTLE ROCK HATCHERY2005COLUMBIA R - GENERAL","Escapement","notmissing",40,71.87,0.556560456379574,0.470588235294118
"TURTLE ROCK HATCHERY2005COLUMBIA R - GENERAL","Terminal Sport","notmissing",3,13.36,0.224550898203593,0.0352941176470588
"TURTLE ROCK HATCHERY2005COLUMBIA R - GENERAL","WA Coastal Commercial/Treaty","notmissing",2,3.42,0.584795321637427,0.0235294117647059
"TURTLE ROCK HATCHERY2006COLUMBIA R - GENERAL","Alaska Fisheries","notmissing",13,47.67,0.272708202223621,0.0807453416149068
"TURTLE ROCK HATCHERY2006COLUMBIA R - GENERAL","Canadian Fisheries","notmissing",13,66.76,0.194727381665668,0.0807453416149068
"TURTLE ROCK HATCHERY2006COLUMBIA R - GENERAL","Columbia commercial/treaty","notmissing",39,178.31,0.218720206382143,0.242236024844721
"TURTLE ROCK HATCHERY2006COLUMBIA R - GENERAL","Escapement","notmissing",74,144.69,0.511438247287304,0.459627329192547
"TURTLE ROCK HATCHERY2006COLUMBIA R - GENERAL","Oregon Fisheries","notmissing",4,21.83,0.183234081539166,0.0248447204968944
"TURTLE ROCK HATCHERY2006COLUMBIA R - GENERAL","Terminal Sport","notmissing",7,22.61,0.309597523219814,0.0434782608695652
"TURTLE ROCK HATCHERY2006COLUMBIA R - GENERAL","WA Coastal Commercial/Treaty","notmissing",8,22.15,0.36117381489842,0.0496894409937888
"TURTLE ROCK HATCHERY2006COLUMBIA R - GENERAL","WA Coastal Sport","notmissing",3,8.07,0.371747211895911,0.0186335403726708
"TURTLE ROCK HATCHERY2006LK CHELAN + COLUMBIA R","Alaska Fisheries","missing",3,NA,NA,0.00288184438040346
"TURTLE ROCK HATCHERY2006LK CHELAN + COLUMBIA R","Alaska Fisheries","notmissing",152,429.43,0.353957571664765,0.146013448607109
"TURTLE ROCK HATCHERY2006LK CHELAN + COLUMBIA R","Boundary Waters Sport","notmissing",1,9.8,0.102040816326531,0.000960614793467819
"TURTLE ROCK HATCHERY2006LK CHELAN + COLUMBIA R","California Fisheries","notmissing",2,6.37,0.313971742543171,0.00192122958693564
"TURTLE ROCK HATCHERY2006LK CHELAN + COLUMBIA R","Canadian Fisheries","notmissing",102,363.38,0.28069789201387,0.0979827089337176
"TURTLE ROCK HATCHERY2006LK CHELAN + COLUMBIA R","Columbia commercial/treaty","notmissing",271,1050.17,0.25805345801156,0.260326609029779
"TURTLE ROCK HATCHERY2006LK CHELAN + COLUMBIA R","Escapement","notmissing",332,1074.71,0.30892054600776,0.318924111431316
"TURTLE ROCK HATCHERY2006LK CHELAN + COLUMBIA R","Oregon Fisheries","notmissing",17,40.73,0.417382764547017,0.0163304514889529
"TURTLE ROCK HATCHERY2006LK CHELAN + COLUMBIA R","Terminal Sport","notmissing",101,610.33,0.165484246227451,0.0970220941402498
"TURTLE ROCK HATCHERY2006LK CHELAN + COLUMBIA R","WA Coastal Commercial/Treaty","notmissing",50,147.86,0.338157716759096,0.048030739673391
"TURTLE ROCK HATCHERY2006LK CHELAN + COLUMBIA R","WA Coastal Sport","notmissing",10,22.68,0.440917107583774,0.00960614793467819
"TURTLE ROCK HATCHERY2007COL R @ TURTLE ROCK","Alaska Fisheries","notmissing",44,126.9,0.346729708431836,0.192982456140351
"TURTLE ROCK HATCHERY2007COL R @ TURTLE ROCK","California Fisheries","notmissing",1,3.53,0.28328611898017,0.0043859649122807
"TURTLE ROCK HATCHERY2007COL R @ TURTLE ROCK","Canadian Fisheries","notmissing",41,130.17,0.314972727971115,0.179824561403509
"TURTLE ROCK HATCHERY2007COL R @ TURTLE ROCK","Columbia commercial/treaty","notmissing",31,137.58,0.225323448175607,0.135964912280702
"TURTLE ROCK HATCHERY2007COL R @ TURTLE ROCK","Escapement","notmissing",72,159.17,0.452346547716278,0.315789473684211
"TURTLE ROCK HATCHERY2007COL R @ TURTLE ROCK","Oregon Fisheries","notmissing",7,20.94,0.334288443170965,0.0307017543859649
"TURTLE ROCK HATCHERY2007COL R @ TURTLE ROCK","Terminal Sport","notmissing",15,113.53,0.132123667753017,0.0657894736842105
"TURTLE ROCK HATCHERY2007COL R @ TURTLE ROCK","WA Coastal Commercial/Treaty","notmissing",13,33.56,0.387365911799762,0.0570175438596491
"TURTLE ROCK HATCHERY2007COL R @ TURTLE ROCK","WA Coastal Sport","notmissing",4,10.77,0.371402042711235,0.0175438596491228
"TURTLE ROCK HATCHERY2007COLUMBIA R - GENERAL","Alaska Fisheries","notmissing",17,51.68,0.328947368421053,0.0965909090909091
"TURTLE ROCK HATCHERY2007COLUMBIA R - GENERAL","California Fisheries","notmissing",2,5.8,0.344827586206897,0.0113636363636364
"TURTLE ROCK HATCHERY2007COLUMBIA R - GENERAL","Canadian Fisheries","notmissing",8,30.63,0.261181847861574,0.0454545454545455
"TURTLE ROCK HATCHERY2007COLUMBIA R - GENERAL","Columbia commercial/treaty","notmissing",31,132.3,0.234315948601663,0.176136363636364
"TURTLE ROCK HATCHERY2007COLUMBIA R - GENERAL","Escapement","notmissing",89,202.33,0.439875450995898,0.505681818181818
"TURTLE ROCK HATCHERY2007COLUMBIA R - GENERAL","Oregon Fisheries","notmissing",9,26.38,0.341167551175133,0.0511363636363636
"TURTLE ROCK HATCHERY2007COLUMBIA R - GENERAL","Terminal Sport","notmissing",11,76.21,0.14433801338407,0.0625
"TURTLE ROCK HATCHERY2007COLUMBIA R - GENERAL","WA Coastal Commercial/Treaty","notmissing",7,14.96,0.467914438502674,0.0397727272727273
"TURTLE ROCK HATCHERY2007COLUMBIA R - GENERAL","WA Coastal Sport","notmissing",2,3.45,0.579710144927536,0.0113636363636364
"TURTLE ROCK HATCHERY2008COL R @ TURTLE ROCK","Alaska Fisheries","notmissing",243,775.43,0.313374514785345,0.121743486973948
"TURTLE ROCK HATCHERY2008COL R @ TURTLE ROCK","Boundary Waters Sport","notmissing",1,1.57,0.636942675159236,0.000501002004008016
"TURTLE ROCK HATCHERY2008COL R @ TURTLE ROCK","California Fisheries","notmissing",20,54.63,0.366099212886692,0.0100200400801603
"TURTLE ROCK HATCHERY2008COL R @ TURTLE ROCK","Canadian Fisheries","notmissing",236,665.35,0.354700533553769,0.118236472945892
"TURTLE ROCK HATCHERY2008COL R @ TURTLE ROCK","Columbia commercial/treaty","notmissing",273,1105.57,0.246931447126821,0.136773547094188
"TURTLE ROCK HATCHERY2008COL R @ TURTLE ROCK","Columbia Estuary Sport","notmissing",1,1.99,0.50251256281407,0.000501002004008016
"TURTLE ROCK HATCHERY2008COL R @ TURTLE ROCK","Escapement","notmissing",797,1635.85,0.487208484885534,0.399298597194389
"TURTLE ROCK HATCHERY2008COL R @ TURTLE ROCK","Oregon Fisheries","notmissing",118,308.45,0.38255795104555,0.0591182364729459
"TURTLE ROCK HATCHERY2008COL R @ TURTLE ROCK","Terminal Sport","missing",1,NA,NA,0.000501002004008016
"TURTLE ROCK HATCHERY2008COL R @ TURTLE ROCK","Terminal Sport","notmissing",126,910.73,0.138350553951226,0.06312625250501
"TURTLE ROCK HATCHERY2008COL R @ TURTLE ROCK","WA Coastal Commercial/Treaty","notmissing",122,277.42,0.439766419147862,0.061122244488978
"TURTLE ROCK HATCHERY2008COL R @ TURTLE ROCK","WA Coastal Sport","notmissing",58,127.4,0.455259026687598,0.0290581162324649
"TURTLE ROCK HATCHERY2009COL R @ TURTLE ROCK","Alaska Fisheries","missing",1,NA,NA,0.000623052959501558
"TURTLE ROCK HATCHERY2009COL R @ TURTLE ROCK","Alaska Fisheries","notmissing",100,317.94,0.314524753098069,0.0623052959501558
"TURTLE ROCK HATCHERY2009COL R @ TURTLE ROCK","Boundary Waters Sport","notmissing",1,7.68,0.130208333333333,0.000623052959501558
"TURTLE ROCK HATCHERY2009COL R @ TURTLE ROCK","California Fisheries","notmissing",2,8.17,0.244798041615667,0.00124610591900312
"TURTLE ROCK HATCHERY2009COL R @ TURTLE ROCK","Canadian Fisheries","notmissing",121,410.72,0.29460459680561,0.0753894080996885
"TURTLE ROCK HATCHERY2009COL R @ TURTLE ROCK","Columbia commercial/treaty","missing",1,NA,NA,0.000623052959501558
"TURTLE ROCK HATCHERY2009COL R @ TURTLE ROCK","Columbia commercial/treaty","notmissing",201,723.73,0.277727881944924,0.125233644859813
"TURTLE ROCK HATCHERY2009COL R @ TURTLE ROCK","Escapement","notmissing",969,1120.79,0.864568741691129,0.603738317757009
"TURTLE ROCK HATCHERY2009COL R @ TURTLE ROCK","Oregon Fisheries","notmissing",53,121.63,0.435747759598783,0.0330218068535826
"TURTLE ROCK HATCHERY2009COL R @ TURTLE ROCK","Terminal Sport","missing",1,NA,NA,0.000623052959501558
"TURTLE ROCK HATCHERY2009COL R @ TURTLE ROCK","Terminal Sport","notmissing",59,386.43,0.152679657376498,0.0367601246105919
"TURTLE ROCK HATCHERY2009COL R @ TURTLE ROCK","WA Coastal Commercial/Treaty","notmissing",82,186.46,0.439772605384533,0.0510903426791277
"TURTLE ROCK HATCHERY2009COL R @ TURTLE ROCK","WA Coastal Sport","notmissing",14,34.36,0.407450523864959,0.00872274143302181
"WELLS HATCHERY1995COLUMBIA NEAR WELLS","Alaska Fisheries","notmissing",11,28.27,0.389105058365759,0.135802469135802
"WELLS HATCHERY1995COLUMBIA NEAR WELLS","Canadian Fisheries","notmissing",1,6.14,0.162866449511401,0.0123456790123457
"WELLS HATCHERY1995COLUMBIA NEAR WELLS","Columbia commercial/treaty","notmissing",1,2.49,0.401606425702811,0.0123456790123457
"WELLS HATCHERY1995COLUMBIA NEAR WELLS","Escapement","notmissing",65,66.02,0.984550136322327,0.802469135802469
"WELLS HATCHERY1995COLUMBIA NEAR WELLS","Oregon Fisheries","notmissing",2,8.36,0.239234449760766,0.0246913580246914
"WELLS HATCHERY1995COLUMBIA NEAR WELLS","WA Coastal Commercial/Treaty","notmissing",1,6.15,0.16260162601626,0.0123456790123457
"WELLS HATCHERY1995COLUMBIA R - GENERAL","Alaska Fisheries","notmissing",86,223.47,0.384839128294626,0.152212389380531
"WELLS HATCHERY1995COLUMBIA R - GENERAL","Canadian Fisheries","notmissing",27,124.67,0.216571749418465,0.047787610619469
"WELLS HATCHERY1995COLUMBIA R - GENERAL","Columbia commercial/treaty","notmissing",8,22.62,0.353669319186561,0.0141592920353982
"WELLS HATCHERY1995COLUMBIA R - GENERAL","Escapement","notmissing",404,561.19,0.719898786507243,0.715044247787611
"WELLS HATCHERY1995COLUMBIA R - GENERAL","Oregon Fisheries","notmissing",11,38.12,0.288562434417629,0.0194690265486726
"WELLS HATCHERY1995COLUMBIA R - GENERAL","Terminal Sport","notmissing",11,36.73,0.299482711679826,0.0194690265486726
"WELLS HATCHERY1995COLUMBIA R - GENERAL","WA Coastal Commercial/Treaty","notmissing",16,36.97,0.432783337841493,0.0283185840707965
"WELLS HATCHERY1995COLUMBIA R - GENERAL","WA Coastal Sport","notmissing",2,2.82,0.709219858156028,0.00353982300884956
"WELLS HATCHERY1996COL R ROCKY R-WELLS","Alaska Fisheries","notmissing",84,229.64,0.365789932067584,0.215384615384615
"WELLS HATCHERY1996COL R ROCKY R-WELLS","Boundary Waters Sport","notmissing",1,11.5,0.0869565217391304,0.00256410256410256
"WELLS HATCHERY1996COL R ROCKY R-WELLS","Canadian Fisheries","notmissing",13,41.2,0.315533980582524,0.0333333333333333
"WELLS HATCHERY1996COL R ROCKY R-WELLS","Columbia commercial/treaty","notmissing",1,1.63,0.613496932515337,0.00256410256410256
"WELLS HATCHERY1996COL R ROCKY R-WELLS","Escapement","notmissing",282,347.04,0.812586445366528,0.723076923076923
"WELLS HATCHERY1996COL R ROCKY R-WELLS","Oregon Fisheries","notmissing",2,6.44,0.31055900621118,0.00512820512820513
"WELLS HATCHERY1996COL R ROCKY R-WELLS","Terminal Sport","notmissing",1,1.02,0.980392156862745,0.00256410256410256
"WELLS HATCHERY1996COL R ROCKY R-WELLS","WA Coastal Commercial/Treaty","notmissing",5,9.76,0.512295081967213,0.0128205128205128
"WELLS HATCHERY1996COL R ROCKY R-WELLS","WA Coastal Sport","notmissing",1,1.33,0.75187969924812,0.00256410256410256
"WELLS HATCHERY1996COLUMBIA NEAR WELLS","Alaska Fisheries","missing",1,NA,NA,0.00129533678756477
"WELLS HATCHERY1996COLUMBIA NEAR WELLS","Alaska Fisheries","notmissing",141,376.77,0.37423361732622,0.182642487046632
"WELLS HATCHERY1996COLUMBIA NEAR WELLS","California Fisheries","notmissing",1,3.21,0.311526479750779,0.00129533678756477
"WELLS HATCHERY1996COLUMBIA NEAR WELLS","Canadian Fisheries","notmissing",48,192.84,0.248911014312383,0.0621761658031088
"WELLS HATCHERY1996COLUMBIA NEAR WELLS","Columbia commercial/treaty","notmissing",1,1.71,0.584795321637427,0.00129533678756477
"WELLS HATCHERY1996COLUMBIA NEAR WELLS","Escapement","notmissing",541,788.18,0.686391433428912,0.700777202072539
"WELLS HATCHERY1996COLUMBIA NEAR WELLS","Oregon Fisheries","notmissing",18,59.8,0.301003344481605,0.0233160621761658
"WELLS HATCHERY1996COLUMBIA NEAR WELLS","Terminal Sport","notmissing",1,4.34,0.230414746543779,0.00129533678756477
"WELLS HATCHERY1996COLUMBIA NEAR WELLS","WA Coastal Commercial/Treaty","notmissing",15,24.2,0.619834710743802,0.0194300518134715
"WELLS HATCHERY1996COLUMBIA NEAR WELLS","WA Coastal Sport","notmissing",5,12.08,0.413907284768212,0.00647668393782383
"WELLS HATCHERY1997COLUMBIA NEAR WELLS","Alaska Fisheries","missing",2,NA,NA,0.000511639805576874
"WELLS HATCHERY1997COLUMBIA NEAR WELLS","Alaska Fisheries","notmissing",732,2159.92,0.338901440794103,0.187260168841136
"WELLS HATCHERY1997COLUMBIA NEAR WELLS","Boundary Waters Sport","notmissing",2,11.83,0.169061707523246,0.000511639805576874
"WELLS HATCHERY1997COLUMBIA NEAR WELLS","California Fisheries","notmissing",7,25.56,0.273865414710485,0.00179073931951906
"WELLS HATCHERY1997COLUMBIA NEAR WELLS","Canadian Fisheries","notmissing",586,2608.53,0.224647598455835,0.149910463034024
"WELLS HATCHERY1997COLUMBIA NEAR WELLS","Columbia commercial/treaty","notmissing",31,74.12,0.418240690771721,0.00793041698644155
"WELLS HATCHERY1997COLUMBIA NEAR WELLS","Columbia Estuary Sport","notmissing",3,13.1,0.229007633587786,0.000767459708365311
"WELLS HATCHERY1997COLUMBIA NEAR WELLS","Escapement","missing",1,NA,NA,0.000255819902788437
"WELLS HATCHERY1997COLUMBIA NEAR WELLS","Escapement","notmissing",1877,3173.79,0.591406488772099,0.480173957533896
"WELLS HATCHERY1997COLUMBIA NEAR WELLS","Oregon Fisheries","notmissing",278,864.09,0.321725746160701,0.0711179329751855
"WELLS HATCHERY1997COLUMBIA NEAR WELLS","Terminal Sport","notmissing",32,189.05,0.169267389579476,0.00818623688922998
"WELLS HATCHERY1997COLUMBIA NEAR WELLS","WA Coastal Commercial/Treaty","notmissing",261,603.73,0.43231245755553,0.066768994627782
"WELLS HATCHERY1997COLUMBIA NEAR WELLS","WA Coastal Sport","notmissing",93,229.93,0.40447092593398,0.0237912509593246
"WELLS HATCHERY1997COLUMBIA NEAR WELLS",NA,"notmissing",4,7.19,0.556328233657858,0.00102327961115375
"WELLS HATCHERY1997COLUMBIA R - GENERAL","Alaska Fisheries","notmissing",19,51.45,0.369290573372206,0.202127659574468
"WELLS HATCHERY1997COLUMBIA R - GENERAL","Canadian Fisheries","notmissing",10,44.99,0.222271615914648,0.106382978723404
"WELLS HATCHERY1997COLUMBIA R - GENERAL","Columbia commercial/treaty","notmissing",5,7.47,0.669344042838019,0.0531914893617021
"WELLS HATCHERY1997COLUMBIA R - GENERAL","Escapement","notmissing",50,73.21,0.68296680781314,0.531914893617021
"WELLS HATCHERY1997COLUMBIA R - GENERAL","Oregon Fisheries","notmissing",4,17.68,0.226244343891403,0.0425531914893617
"WELLS HATCHERY1997COLUMBIA R - GENERAL","Terminal Sport","notmissing",1,22.85,0.0437636761487965,0.0106382978723404
"WELLS HATCHERY1997COLUMBIA R - GENERAL","WA Coastal Commercial/Treaty","notmissing",5,7.58,0.659630606860158,0.0531914893617021
"WELLS HATCHERY1998COLUMBIA NEAR WELLS","Alaska Fisheries","missing",5,NA,NA,0.00142694063926941
"WELLS HATCHERY1998COLUMBIA NEAR WELLS","Alaska Fisheries","notmissing",990,3123.13,0.316989686628478,0.282534246575342
"WELLS HATCHERY1998COLUMBIA NEAR WELLS","Boundary Waters Sport","notmissing",2,8.83,0.226500566251416,0.000570776255707763
"WELLS HATCHERY1998COLUMBIA NEAR WELLS","California Fisheries","notmissing",5,14.79,0.338066260987153,0.00142694063926941
"WELLS HATCHERY1998COLUMBIA NEAR WELLS","Canadian Fisheries","notmissing",601,2846.9,0.211106817942323,0.171518264840183
"WELLS HATCHERY1998COLUMBIA NEAR WELLS","Columbia commercial/treaty","notmissing",77,209.88,0.366876310272537,0.0219748858447489
"WELLS HATCHERY1998COLUMBIA NEAR WELLS","Columbia Estuary Sport","notmissing",2,5.39,0.371057513914657,0.000570776255707763
"WELLS HATCHERY1998COLUMBIA NEAR WELLS","Escapement","notmissing",1367,1802.31,0.758471073233794,0.390125570776256
"WELLS HATCHERY1998COLUMBIA NEAR WELLS","Oregon Fisheries","notmissing",149,445.07,0.334778798840632,0.0425228310502283
"WELLS HATCHERY1998COLUMBIA NEAR WELLS","Terminal Sport","notmissing",37,400.19,0.0924560833604038,0.0105593607305936
"WELLS HATCHERY1998COLUMBIA NEAR WELLS","WA Coastal Commercial/Treaty","notmissing",172,532.51,0.322998629133725,0.0490867579908676
"WELLS HATCHERY1998COLUMBIA NEAR WELLS","WA Coastal Sport","notmissing",96,225.31,0.426079623629666,0.0273972602739726
"WELLS HATCHERY1998COLUMBIA NEAR WELLS",NA,"notmissing",1,2.34,0.427350427350427,0.000285388127853881
"WELLS HATCHERY1999COLUMBIA NEAR WELLS","Alaska Fisheries","missing",1,NA,NA,0.00209643605870021
"WELLS HATCHERY1999COLUMBIA NEAR WELLS","Alaska Fisheries","notmissing",75,290.8,0.257909215955983,0.157232704402516
"WELLS HATCHERY1999COLUMBIA NEAR WELLS","California Fisheries","notmissing",5,19.58,0.255362614913177,0.010482180293501
"WELLS HATCHERY1999COLUMBIA NEAR WELLS","Canadian Fisheries","notmissing",102,389.6,0.261806981519507,0.213836477987421
"WELLS HATCHERY1999COLUMBIA NEAR WELLS","Columbia commercial/treaty","notmissing",34,104.26,0.326107807404566,0.0712788259958071
"WELLS HATCHERY1999COLUMBIA NEAR WELLS","Escapement","notmissing",151,205.84,0.733579479207151,0.316561844863732
"WELLS HATCHERY1999COLUMBIA NEAR WELLS","Oregon Fisheries","notmissing",41,121.93,0.336258508980563,0.0859538784067086
"WELLS HATCHERY1999COLUMBIA NEAR WELLS","Terminal Sport","missing",1,NA,NA,0.00209643605870021
"WELLS HATCHERY1999COLUMBIA NEAR WELLS","Terminal Sport","notmissing",20,236.74,0.0844808650840585,0.0419287211740042
"WELLS HATCHERY1999COLUMBIA NEAR WELLS","WA Coastal Commercial/Treaty","notmissing",39,103.31,0.377504597812409,0.0817610062893082
"WELLS HATCHERY1999COLUMBIA NEAR WELLS","WA Coastal Sport","notmissing",8,16.94,0.472255017709563,0.0167714884696017
"WELLS HATCHERY1999COLUMBIA R - GENERAL","Alaska Fisheries","missing",1,NA,NA,0.00526315789473684
"WELLS HATCHERY1999COLUMBIA R - GENERAL","Alaska Fisheries","notmissing",30,105.93,0.283205890682526,0.157894736842105
"WELLS HATCHERY1999COLUMBIA R - GENERAL","California Fisheries","notmissing",1,4.46,0.224215246636771,0.00526315789473684
"WELLS HATCHERY1999COLUMBIA R - GENERAL","Canadian Fisheries","notmissing",24,122.04,0.196656833824975,0.126315789473684
"WELLS HATCHERY1999COLUMBIA R - GENERAL","Columbia commercial/treaty","notmissing",8,31.65,0.252764612954186,0.0421052631578947
"WELLS HATCHERY1999COLUMBIA R - GENERAL","Escapement","notmissing",96,122.56,0.783289817232376,0.505263157894737
"WELLS HATCHERY1999COLUMBIA R - GENERAL","Oregon Fisheries","notmissing",15,55.95,0.268096514745308,0.0789473684210526
"WELLS HATCHERY1999COLUMBIA R - GENERAL","Terminal Sport","notmissing",2,29.02,0.0689179875947622,0.0105263157894737
"WELLS HATCHERY1999COLUMBIA R - GENERAL","WA Coastal Commercial/Treaty","notmissing",8,19.09,0.419067574646412,0.0421052631578947
"WELLS HATCHERY1999COLUMBIA R - GENERAL","WA Coastal Sport","notmissing",5,13.04,0.383435582822086,0.0263157894736842
"WELLS HATCHERY2000COLUMBIA NEAR WELLS","Alaska Fisheries","missing",3,NA,NA,0.00104022191400832
"WELLS HATCHERY2000COLUMBIA NEAR WELLS","Alaska Fisheries","notmissing",286,1033.16,0.276820627976306,0.0991678224687933
"WELLS HATCHERY2000COLUMBIA NEAR WELLS","Boundary Waters Sport","notmissing",1,2.27,0.440528634361233,0.000346740638002774
"WELLS HATCHERY2000COLUMBIA NEAR WELLS","California Fisheries","notmissing",3,12.44,0.241157556270096,0.00104022191400832
"WELLS HATCHERY2000COLUMBIA NEAR WELLS","Canadian Fisheries","notmissing",633,2028.47,0.312057856413947,0.219486823855756
"WELLS HATCHERY2000COLUMBIA NEAR WELLS","Columbia commercial/treaty","notmissing",283,772.22,0.366475874750719,0.098127600554785
"WELLS HATCHERY2000COLUMBIA NEAR WELLS","Escapement","notmissing",1250,2471.35,0.505796427054039,0.433425797503467
"WELLS HATCHERY2000COLUMBIA NEAR WELLS","Oregon Fisheries","notmissing",151,399.77,0.377717187382745,0.0523578363384189
"WELLS HATCHERY2000COLUMBIA NEAR WELLS","Terminal Sport","missing",1,NA,NA,0.000346740638002774
"WELLS HATCHERY2000COLUMBIA NEAR WELLS","Terminal Sport","notmissing",124,967.77,0.128129617574424,0.042995839112344
"WELLS HATCHERY2000COLUMBIA NEAR WELLS","WA Coastal Commercial/Treaty","notmissing",136,298.65,0.455382554830069,0.0471567267683773
"WELLS HATCHERY2000COLUMBIA NEAR WELLS","WA Coastal Sport","notmissing",12,24.28,0.494233937397035,0.00416088765603329
"WELLS HATCHERY2000COLUMBIA NEAR WELLS",NA,"notmissing",1,1.97,0.50761421319797,0.000346740638002774
"WELLS HATCHERY2000COLUMBIA R - GENERAL","Alaska Fisheries","notmissing",5,19.81,0.252397778899546,0.0625
"WELLS HATCHERY2000COLUMBIA R - GENERAL","Canadian Fisheries","notmissing",12,44.04,0.272479564032698,0.15
"WELLS HATCHERY2000COLUMBIA R - GENERAL","Columbia commercial/treaty","notmissing",7,21.89,0.319780721790772,0.0875
"WELLS HATCHERY2000COLUMBIA R - GENERAL","Columbia Estuary Sport","notmissing",1,3.9,0.256410256410256,0.0125
"WELLS HATCHERY2000COLUMBIA R - GENERAL","Escapement","notmissing",46,71.44,0.643896976483763,0.575
"WELLS HATCHERY2000COLUMBIA R - GENERAL","Oregon Fisheries","notmissing",6,16.76,0.35799522673031,0.075
"WELLS HATCHERY2000COLUMBIA R - GENERAL","Terminal Sport","notmissing",1,5.35,0.186915887850467,0.0125
"WELLS HATCHERY2000COLUMBIA R - GENERAL","WA Coastal Commercial/Treaty","notmissing",2,3.24,0.617283950617284,0.025
"WELLS HATCHERY2001COLUMBIA NEAR WELLS","Alaska Fisheries","missing",3,NA,NA,0.00241351568785197
"WELLS HATCHERY2001COLUMBIA NEAR WELLS","Alaska Fisheries","notmissing",128,470.83,0.271860331754561,0.102976669348351
"WELLS HATCHERY2001COLUMBIA NEAR WELLS","California Fisheries","notmissing",4,15.92,0.251256281407035,0.00321802091713596
"WELLS HATCHERY2001COLUMBIA NEAR WELLS","Canadian Fisheries","notmissing",172,651.35,0.264066937898211,0.138374899436846
"WELLS HATCHERY2001COLUMBIA NEAR WELLS","Columbia commercial/treaty","notmissing",138,343.46,0.401793513072847,0.111021721641191
"WELLS HATCHERY2001COLUMBIA NEAR WELLS","Escapement","notmissing",616,1242.69,0.495698846856416,0.495575221238938
"WELLS HATCHERY2001COLUMBIA NEAR WELLS","Oregon Fisheries","notmissing",54,122.96,0.439167208848406,0.0434432823813355
"WELLS HATCHERY2001COLUMBIA NEAR WELLS","Terminal Sport","notmissing",62,355.4,0.174451322453573,0.0498793242156074
"WELLS HATCHERY2001COLUMBIA NEAR WELLS","WA Coastal Commercial/Treaty","notmissing",62,142.14,0.436189672154214,0.0498793242156074
"WELLS HATCHERY2001COLUMBIA NEAR WELLS","WA Coastal Sport","notmissing",4,9.79,0.408580183861083,0.00321802091713596
"WELLS HATCHERY2002COLUMBIA NEAR WELLS","Alaska Fisheries","notmissing",159,523.96,0.303458279257959,0.101727447216891
"WELLS HATCHERY2002COLUMBIA NEAR WELLS","California Fisheries","notmissing",2,8.27,0.241837968561064,0.00127959053103007
"WELLS HATCHERY2002COLUMBIA NEAR WELLS","Canadian Fisheries","notmissing",184,624.44,0.294664018960989,0.117722328854766
"WELLS HATCHERY2002COLUMBIA NEAR WELLS","Columbia commercial/treaty","notmissing",186,565.54,0.328889203239382,0.119001919385797
"WELLS HATCHERY2002COLUMBIA NEAR WELLS","Escapement","notmissing",847,1398.19,0.60578319112567,0.541906589891235
"WELLS HATCHERY2002COLUMBIA NEAR WELLS","Oregon Fisheries","notmissing",30,64.1,0.46801872074883,0.0191938579654511
"WELLS HATCHERY2002COLUMBIA NEAR WELLS","Terminal Sport","notmissing",108,554.3,0.194840339166516,0.0690978886756238
"WELLS HATCHERY2002COLUMBIA NEAR WELLS","WA Coastal Commercial/Treaty","notmissing",44,94.63,0.464968825953714,0.0281509916826615
"WELLS HATCHERY2002COLUMBIA NEAR WELLS","WA Coastal Sport","notmissing",3,7.04,0.426136363636364,0.00191938579654511
"WELLS HATCHERY2003COLUMBIA NEAR METHOW","Alaska Fisheries","notmissing",5,12.02,0.415973377703827,0.0980392156862745
"WELLS HATCHERY2003COLUMBIA NEAR METHOW","Canadian Fisheries","notmissing",4,16.93,0.236266981689309,0.0784313725490196
"WELLS HATCHERY2003COLUMBIA NEAR METHOW","Columbia commercial/treaty","notmissing",6,16.84,0.356294536817102,0.117647058823529
"WELLS HATCHERY2003COLUMBIA NEAR METHOW","Escapement","notmissing",32,48.72,0.656814449917898,0.627450980392157
"WELLS HATCHERY2003COLUMBIA NEAR METHOW","Oregon Fisheries","notmissing",1,1.91,0.523560209424084,0.0196078431372549
"WELLS HATCHERY2003COLUMBIA NEAR METHOW","Terminal Sport","notmissing",2,7.39,0.27063599458728,0.0392156862745098
"WELLS HATCHERY2003COLUMBIA NEAR METHOW","WA Coastal Commercial/Treaty","notmissing",1,1,1,0.0196078431372549
"WELLS HATCHERY2003COLUMBIA R - GENERAL","Alaska Fisheries","missing",1,NA,NA,0.00147058823529412
"WELLS HATCHERY2003COLUMBIA R - GENERAL","Alaska Fisheries","notmissing",98,321.58,0.304745319982586,0.144117647058824
"WELLS HATCHERY2003COLUMBIA R - GENERAL","Boundary Waters Sport","notmissing",1,4.75,0.210526315789474,0.00147058823529412
"WELLS HATCHERY2003COLUMBIA R - GENERAL","California Fisheries","notmissing",1,4.23,0.236406619385343,0.00147058823529412
"WELLS HATCHERY2003COLUMBIA R - GENERAL","Canadian Fisheries","notmissing",70,211.32,0.331251183039939,0.102941176470588
"WELLS HATCHERY2003COLUMBIA R - GENERAL","Columbia commercial/treaty","notmissing",86,332.13,0.258934754463614,0.126470588235294
"WELLS HATCHERY2003COLUMBIA R - GENERAL","Escapement","notmissing",338,591.72,0.571216115730413,0.497058823529412
"WELLS HATCHERY2003COLUMBIA R - GENERAL","Oregon Fisheries","notmissing",10,20.36,0.491159135559921,0.0147058823529412
"WELLS HATCHERY2003COLUMBIA R - GENERAL","Terminal Sport","notmissing",41,216.19,0.189647994819372,0.0602941176470588
"WELLS HATCHERY2003COLUMBIA R - GENERAL","WA Coastal Commercial/Treaty","notmissing",32,83.33,0.384015360614425,0.0470588235294118
"WELLS HATCHERY2003COLUMBIA R - GENERAL","WA Coastal Sport","notmissing",2,5.87,0.340715502555366,0.00294117647058824
"WELLS HATCHERY2004COLUMBIA R - GENERAL","Alaska Fisheries","missing",2,NA,NA,0.00135226504394861
"WELLS HATCHERY2004COLUMBIA R - GENERAL","Alaska Fisheries","notmissing",127,345.97,0.367083851200971,0.085868830290737
"WELLS HATCHERY2004COLUMBIA R - GENERAL","Canadian Fisheries","notmissing",95,373.27,0.254507461087149,0.0642325895875592
"WELLS HATCHERY2004COLUMBIA R - GENERAL","Columbia commercial/treaty","notmissing",181,711.67,0.254331361445614,0.12237998647735
"WELLS HATCHERY2004COLUMBIA R - GENERAL","Escapement","missing",8,NA,NA,0.00540906017579446
"WELLS HATCHERY2004COLUMBIA R - GENERAL","Escapement","notmissing",927,1720.49,0.538799993025243,0.626774847870183
"WELLS HATCHERY2004COLUMBIA R - GENERAL","Oregon Fisheries","notmissing",1,1.28,0.78125,0.000676132521974307
"WELLS HATCHERY2004COLUMBIA R - GENERAL","Terminal Sport","notmissing",79,415.72,0.190031752140864,0.0534144692359702
"WELLS HATCHERY2004COLUMBIA R - GENERAL","WA Coastal Commercial/Treaty","notmissing",48,103.57,0.463454668340253,0.0324543610547667
"WELLS HATCHERY2004COLUMBIA R - GENERAL","WA Coastal Sport","notmissing",11,23.07,0.47680970957954,0.00743745774171738
"WELLS HATCHERY2005COLUMBIA R - GENERAL","Alaska Fisheries","notmissing",134,363.93,0.368202676338856,0.0986745213549337
"WELLS HATCHERY2005COLUMBIA R - GENERAL","Boundary Waters Sport","notmissing",1,20.6,0.0485436893203883,0.000736377025036819
"WELLS HATCHERY2005COLUMBIA R - GENERAL","Canadian Fisheries","notmissing",140,557.79,0.250990516144069,0.103092783505155
"WELLS HATCHERY2005COLUMBIA R - GENERAL","Columbia commercial/treaty","notmissing",177,807.72,0.219135343931065,0.130338733431517
"WELLS HATCHERY2005COLUMBIA R - GENERAL","Escapement","notmissing",763,1477.25,0.516500253850059,0.561855670103093
"WELLS HATCHERY2005COLUMBIA R - GENERAL","Oregon Fisheries","notmissing",11,35.61,0.30890199382196,0.00810014727540501
"WELLS HATCHERY2005COLUMBIA R - GENERAL","Terminal Sport","notmissing",73,317.94,0.22960306976159,0.0537555228276878
"WELLS HATCHERY2005COLUMBIA R - GENERAL","WA Coastal Commercial/Treaty","notmissing",52,105.73,0.491818783694316,0.0382916053019146
"WELLS HATCHERY2005COLUMBIA R - GENERAL","WA Coastal Sport","notmissing",7,15.34,0.45632333767927,0.00515463917525773
"WELLS HATCHERY2006COLUMBIA R - GENERAL","Alaska Fisheries","missing",5,NA,NA,0.00196540880503145
"WELLS HATCHERY2006COLUMBIA R - GENERAL","Alaska Fisheries","notmissing",187,532.23,0.351351859158634,0.0735062893081761
"WELLS HATCHERY2006COLUMBIA R - GENERAL","California Fisheries","notmissing",4,10.55,0.37914691943128,0.00157232704402516
"WELLS HATCHERY2006COLUMBIA R - GENERAL","Canadian Fisheries","notmissing",152,627.35,0.242288993384873,0.059748427672956
"WELLS HATCHERY2006COLUMBIA R - GENERAL","Columbia commercial/treaty","notmissing",436,1664.94,0.261871298665417,0.171383647798742
"WELLS HATCHERY2006COLUMBIA R - GENERAL","Escapement","missing",1,NA,NA,0.000393081761006289
"WELLS HATCHERY2006COLUMBIA R - GENERAL","Escapement","notmissing",1469,2831.35,0.518833771875607,0.577437106918239
"WELLS HATCHERY2006COLUMBIA R - GENERAL","Oregon Fisheries","notmissing",52,145.23,0.358052743923432,0.020440251572327
"WELLS HATCHERY2006COLUMBIA R - GENERAL","Terminal Sport","notmissing",119,602.11,0.197638305293053,0.0467767295597484
"WELLS HATCHERY2006COLUMBIA R - GENERAL","WA Coastal Commercial/Treaty","notmissing",106,264.99,0.400015094909242,0.0416666666666667
"WELLS HATCHERY2006COLUMBIA R - GENERAL","WA Coastal Sport","notmissing",13,29.29,0.443837487196996,0.00511006289308176
"WELLS HATCHERY2007COLUMBIA NEAR WELLS","Alaska Fisheries","notmissing",43,117.27,0.36667519399676,0.0945054945054945
"WELLS HATCHERY2007COLUMBIA NEAR WELLS","California Fisheries","notmissing",3,8.24,0.364077669902913,0.00659340659340659
"WELLS HATCHERY2007COLUMBIA NEAR WELLS","Canadian Fisheries","notmissing",35,132.39,0.264370420726641,0.0769230769230769
"WELLS HATCHERY2007COLUMBIA NEAR WELLS","Columbia commercial/treaty","notmissing",54,237.8,0.227081581160639,0.118681318681319
"WELLS HATCHERY2007COLUMBIA NEAR WELLS","Escapement","notmissing",252,551.04,0.457317073170732,0.553846153846154
"WELLS HATCHERY2007COLUMBIA NEAR WELLS","Oregon Fisheries","notmissing",16,37.86,0.422609614368727,0.0351648351648352
"WELLS HATCHERY2007COLUMBIA NEAR WELLS","Terminal Sport","missing",1,NA,NA,0.0021978021978022
"WELLS HATCHERY2007COLUMBIA NEAR WELLS","Terminal Sport","notmissing",20,150.22,0.133138064172547,0.043956043956044
"WELLS HATCHERY2007COLUMBIA NEAR WELLS","WA Coastal Commercial/Treaty","notmissing",21,54.21,0.387382401770891,0.0461538461538462
"WELLS HATCHERY2007COLUMBIA NEAR WELLS","WA Coastal Sport","notmissing",10,19.82,0.504540867810293,0.021978021978022
"WELLS HATCHERY2007COLUMBIA R - GENERAL","Alaska Fisheries","notmissing",54,165.97,0.325360004820148,0.133995037220844
"WELLS HATCHERY2007COLUMBIA R - GENERAL","California Fisheries","notmissing",2,6.03,0.33167495854063,0.00496277915632754
"WELLS HATCHERY2007COLUMBIA R - GENERAL","Canadian Fisheries","notmissing",38,148.97,0.255084916426126,0.0942928039702233
"WELLS HATCHERY2007COLUMBIA R - GENERAL","Columbia commercial/treaty","notmissing",85,332.87,0.255354943371286,0.210918114143921
"WELLS HATCHERY2007COLUMBIA R - GENERAL","Escapement","notmissing",172,359.45,0.478508832939213,0.426799007444169
"WELLS HATCHERY2007COLUMBIA R - GENERAL","Oregon Fisheries","notmissing",10,37.96,0.263435194942044,0.0248138957816377
"WELLS HATCHERY2007COLUMBIA R - GENERAL","Terminal Sport","notmissing",23,154.95,0.148434979025492,0.0570719602977667
"WELLS HATCHERY2007COLUMBIA R - GENERAL","WA Coastal Commercial/Treaty","notmissing",14,34.59,0.40474125469789,0.0347394540942928
"WELLS HATCHERY2007COLUMBIA R - GENERAL","WA Coastal Sport","notmissing",5,14.21,0.351864883884588,0.0124069478908189
"WELLS HATCHERY2008COLUMBIA NEAR WELLS","Alaska Fisheries","missing",1,NA,NA,0.000437445319335083
"WELLS HATCHERY2008COLUMBIA NEAR WELLS","Alaska Fisheries","notmissing",210,672.27,0.31237449239145,0.0918635170603675
"WELLS HATCHERY2008COLUMBIA NEAR WELLS","California Fisheries","notmissing",18,56.37,0.319318786588611,0.0078740157480315
"WELLS HATCHERY2008COLUMBIA NEAR WELLS","Canadian Fisheries","notmissing",202,572.76,0.352678259655004,0.0883639545056868
"WELLS HATCHERY2008COLUMBIA NEAR WELLS","Columbia commercial/treaty","missing",1,NA,NA,0.000437445319335083
"WELLS HATCHERY2008COLUMBIA NEAR WELLS","Columbia commercial/treaty","notmissing",205,788.58,0.259960942453524,0.089676290463692
"WELLS HATCHERY2008COLUMBIA NEAR WELLS","Escapement","notmissing",1321,2304.7,0.573176552262767,0.577865266841645
"WELLS HATCHERY2008COLUMBIA NEAR WELLS","Oregon Fisheries","notmissing",83,218.09,0.380576826080976,0.0363079615048119
"WELLS HATCHERY2008COLUMBIA NEAR WELLS","Terminal Sport","missing",1,NA,NA,0.000437445319335083
"WELLS HATCHERY2008COLUMBIA NEAR WELLS","Terminal Sport","notmissing",83,576.16,0.144057206331575,0.0363079615048119
"WELLS HATCHERY2008COLUMBIA NEAR WELLS","WA Coastal Commercial/Treaty","missing",1,NA,NA,0.000437445319335083
"WELLS HATCHERY2008COLUMBIA NEAR WELLS","WA Coastal Commercial/Treaty","notmissing",113,271.03,0.416928015348854,0.0494313210848644
"WELLS HATCHERY2008COLUMBIA NEAR WELLS","WA Coastal Sport","notmissing",47,113.19,0.415231027475925,0.0205599300087489
"WELLS HATCHERY2009COLUMBIA NEAR WELLS","Alaska Fisheries","missing",1,NA,NA,0.000342583076396026
"WELLS HATCHERY2009COLUMBIA NEAR WELLS","Alaska Fisheries","notmissing",176,528.36,0.333106215459157,0.0602946214457006
"WELLS HATCHERY2009COLUMBIA NEAR WELLS","California Fisheries","notmissing",7,20.43,0.342633382280959,0.00239808153477218
"WELLS HATCHERY2009COLUMBIA NEAR WELLS","Canadian Fisheries","notmissing",192,635.91,0.301929518328065,0.065775950668037
"WELLS HATCHERY2009COLUMBIA NEAR WELLS","Columbia commercial/treaty","missing",2,NA,NA,0.000685166152792052
"WELLS HATCHERY2009COLUMBIA NEAR WELLS","Columbia commercial/treaty","notmissing",368,2104.56,0.174858402706504,0.126070572113738
"WELLS HATCHERY2009COLUMBIA NEAR WELLS","Columbia Estuary Sport","notmissing",1,1.99,0.50251256281407,0.000342583076396026
"WELLS HATCHERY2009COLUMBIA NEAR WELLS","Escapement","notmissing",1785,2134.14,0.836402485310242,0.611510791366906
"WELLS HATCHERY2009COLUMBIA NEAR WELLS","Oregon Fisheries","notmissing",101,222.74,0.453443476699291,0.0346008907159986
"WELLS HATCHERY2009COLUMBIA NEAR WELLS","Terminal Sport","notmissing",109,721.99,0.150971620105542,0.0373415553271668
"WELLS HATCHERY2009COLUMBIA NEAR WELLS","WA Coastal Commercial/Treaty","missing",1,NA,NA,0.000342583076396026
"WELLS HATCHERY2009COLUMBIA NEAR WELLS","WA Coastal Commercial/Treaty","notmissing",148,319.46,0.463281788017279,0.0507022953066119
"WELLS HATCHERY2009COLUMBIA NEAR WELLS","WA Coastal Sport","notmissing",27,53.79,0.501952035694367,0.0092497430626927
"WELLS HATCHERY2009COLUMBIA NEAR WELLS",NA,"notmissing",1,1.05,0.952380952380952,0.000342583076396026
"WELLS HATCHERY2010COLUMBIA NEAR WELLS","Alaska Fisheries","missing",1,NA,NA,0.000435161009573542
"WELLS HATCHERY2010COLUMBIA NEAR WELLS","Alaska Fisheries","notmissing",197,709.94,0.277488238442685,0.0857267188859878
"WELLS HATCHERY2010COLUMBIA NEAR WELLS","California Fisheries","notmissing",3,9.81,0.305810397553517,0.00130548302872063
"WELLS HATCHERY2010COLUMBIA NEAR WELLS","Canadian Fisheries","notmissing",141,498.1,0.283075687612929,0.0613577023498695
"WELLS HATCHERY2010COLUMBIA NEAR WELLS","Columbia commercial/treaty","notmissing",289,1370.21,0.210916574831595,0.125761531766754
"WELLS HATCHERY2010COLUMBIA NEAR WELLS","Columbia Estuary Sport","notmissing",1,5.32,0.18796992481203,0.000435161009573542
"WELLS HATCHERY2010COLUMBIA NEAR WELLS","Escapement","notmissing",1385,1757.53,0.788037757534722,0.602697998259356
"WELLS HATCHERY2010COLUMBIA NEAR WELLS","Oregon Fisheries","notmissing",76,168.49,0.45106534512434,0.0330722367275892
"WELLS HATCHERY2010COLUMBIA NEAR WELLS","Terminal Sport","missing",2,NA,NA,0.000870322019147084
"WELLS HATCHERY2010COLUMBIA NEAR WELLS","Terminal Sport","notmissing",65,421.2,0.154320987654321,0.0282854656222802
"WELLS HATCHERY2010COLUMBIA NEAR WELLS","WA Coastal Commercial/Treaty","notmissing",121,268.71,0.450299579472293,0.0526544821583986
"WELLS HATCHERY2010COLUMBIA NEAR WELLS","WA Coastal Sport","notmissing",17,36.86,0.461204557786218,0.00739773716275022
"WELLS HATCHERY2011COLUMBIA NEAR WELLS","Alaska Fisheries","missing",2,NA,NA,0.000508259212198221
"WELLS HATCHERY2011COLUMBIA NEAR WELLS","Alaska Fisheries","notmissing",741,2064.69,0.358891649593886,0.188310038119441
"WELLS HATCHERY2011COLUMBIA NEAR WELLS","Boundary Waters Sport","notmissing",1,1.24,0.806451612903226,0.000254129606099111
"WELLS HATCHERY2011COLUMBIA NEAR WELLS","California Fisheries","notmissing",7,25.33,0.276352151598895,0.00177890724269377
"WELLS HATCHERY2011COLUMBIA NEAR WELLS","Canadian Fisheries","notmissing",311,1017.09,0.305774316923773,0.0790343074968234
"WELLS HATCHERY2011COLUMBIA NEAR WELLS","Columbia commercial/treaty","notmissing",517,2858.67,0.180853333893034,0.13138500635324
"WELLS HATCHERY2011COLUMBIA NEAR WELLS","Columbia Estuary Sport","notmissing",3,5.78,0.519031141868512,0.000762388818297332
"WELLS HATCHERY2011COLUMBIA NEAR WELLS","Escapement","notmissing",1663,3731.49,0.445666476394148,0.422617534942821
"WELLS HATCHERY2011COLUMBIA NEAR WELLS","Oregon Fisheries","notmissing",141,453.4,0.310983678870754,0.0358322744599746
"WELLS HATCHERY2011COLUMBIA NEAR WELLS","Terminal Sport","notmissing",219,1501.8,0.145825009988014,0.0556543837357052
"WELLS HATCHERY2011COLUMBIA NEAR WELLS","WA Coastal Commercial/Treaty","notmissing",288,573.29,0.502363550733486,0.0731893265565438
"WELLS HATCHERY2011COLUMBIA NEAR WELLS","WA Coastal Sport","notmissing",42,93.77,0.447904447051296,0.0106734434561626
"WELLS HATCHERY2012COLUMBIA NEAR WELLS","Alaska Fisheries","missing",2,NA,NA,0.00078064012490242
"WELLS HATCHERY2012COLUMBIA NEAR WELLS","Alaska Fisheries","notmissing",499,1311.51,0.380477464906863,0.194769711163154
"WELLS HATCHERY2012COLUMBIA NEAR WELLS","Boundary Waters Sport","notmissing",1,1,1,0.00039032006245121
"WELLS HATCHERY2012COLUMBIA NEAR WELLS","California Fisheries","notmissing",2,6.36,0.314465408805031,0.00078064012490242
"WELLS HATCHERY2012COLUMBIA NEAR WELLS","Canadian Fisheries","missing",1,NA,NA,0.00039032006245121
"WELLS HATCHERY2012COLUMBIA NEAR WELLS","Canadian Fisheries","notmissing",286,1058.65,0.270155386577245,0.111631537861046
"WELLS HATCHERY2012COLUMBIA NEAR WELLS","Columbia commercial/treaty","notmissing",287,1625.62,0.176548024753632,0.112021857923497
"WELLS HATCHERY2012COLUMBIA NEAR WELLS","Columbia Estuary Sport","notmissing",2,2.95,0.677966101694915,0.00078064012490242
"WELLS HATCHERY2012COLUMBIA NEAR WELLS","Escapement","notmissing",1091,3307.86,0.3298204881706,0.42583918813427
"WELLS HATCHERY2012COLUMBIA NEAR WELLS","Oregon Fisheries","notmissing",78,243.51,0.320315387458421,0.0304449648711944
"WELLS HATCHERY2012COLUMBIA NEAR WELLS","Terminal Sport","notmissing",118,691.35,0.170680552542128,0.0460577673692428
"WELLS HATCHERY2012COLUMBIA NEAR WELLS","WA Coastal Commercial/Treaty","notmissing",169,309.79,0.545530843474612,0.0659640905542545
"WELLS HATCHERY2012COLUMBIA NEAR WELLS","WA Coastal Sport","notmissing",26,50.14,0.518548065416833,0.0101483216237315
"WELLS HATCHERY2013COLUMBIA NEAR WELLS","Alaska Fisheries","notmissing",158,376.04,0.420168067226891,0.106040268456376
"WELLS HATCHERY2013COLUMBIA NEAR WELLS","California Fisheries","notmissing",1,3.23,0.309597523219814,0.000671140939597315
"WELLS HATCHERY2013COLUMBIA NEAR WELLS","Canadian Fisheries","notmissing",150,517.01,0.2901297847237,0.100671140939597
"WELLS HATCHERY2013COLUMBIA NEAR WELLS","Columbia commercial/treaty","notmissing",126,1071.78,0.11756143984773,0.0845637583892618
"WELLS HATCHERY2013COLUMBIA NEAR WELLS","Escapement","notmissing",765,2130.83,0.359015031701262,0.513422818791946
"WELLS HATCHERY2013COLUMBIA NEAR WELLS","Oregon Fisheries","notmissing",14,31.62,0.442757748260595,0.00939597315436242
"WELLS HATCHERY2013COLUMBIA NEAR WELLS","Terminal Sport","missing",1,NA,NA,0.000671140939597315
"WELLS HATCHERY2013COLUMBIA NEAR WELLS","Terminal Sport","notmissing",136,778.82,0.174623147839039,0.0912751677852349
"WELLS HATCHERY2013COLUMBIA NEAR WELLS","WA Coastal Commercial/Treaty","notmissing",129,223.85,0.57627875809694,0.0865771812080537
"WELLS HATCHERY2013COLUMBIA NEAR WELLS","WA Coastal Sport","notmissing",9,12.9,0.697674418604651,0.00604026845637584
"WELLS HATCHERY2013COLUMBIA NEAR WELLS",NA,"notmissing",1,1.54,0.649350649350649,0.000671140939597315
"WELLS HATCHERY2014COLUMBIA NEAR WELLS","Alaska Fisheries","missing",1,NA,NA,0.000738007380073801
"WELLS HATCHERY2014COLUMBIA NEAR WELLS","Alaska Fisheries","notmissing",126,350.32,0.359671157798584,0.0929889298892989
"WELLS HATCHERY2014COLUMBIA NEAR WELLS","Boundary Waters Sport","notmissing",1,13.24,0.0755287009063444,0.000738007380073801
"WELLS HATCHERY2014COLUMBIA NEAR WELLS","Canadian Fisheries","notmissing",133,399.58,0.332849491966565,0.0981549815498155
"WELLS HATCHERY2014COLUMBIA NEAR WELLS","Columbia commercial/treaty","notmissing",131,1191.68,0.109928839957035,0.0966789667896679
"WELLS HATCHERY2014COLUMBIA NEAR WELLS","Escapement","notmissing",700,1201.38,0.582663270572175,0.516605166051661
"WELLS HATCHERY2014COLUMBIA NEAR WELLS","Oregon Fisheries","notmissing",12,21.62,0.555041628122109,0.00885608856088561
"WELLS HATCHERY2014COLUMBIA NEAR WELLS","Terminal Sport","missing",1,NA,NA,0.000738007380073801
"WELLS HATCHERY2014COLUMBIA NEAR WELLS","Terminal Sport","notmissing",99,871.43,0.113606371137096,0.0730627306273063
"WELLS HATCHERY2014COLUMBIA NEAR WELLS","WA Coastal Commercial/Treaty","notmissing",142,213.16,0.66616626008632,0.10479704797048
"WELLS HATCHERY2014COLUMBIA NEAR WELLS","WA Coastal Sport","notmissing",9,16.27,0.553165334972342,0.00664206642066421
